"xPath","TO TRANSLATE","YOUR TRANSLATION"
"//library/folder[attribute::folder-id=""blog""]/display-name[attribute::xml:lang=""en-AE""]","BLOG","المدونة"
"//library/folder[attribute::folder-id=""blog""]/page-attributes/page-title[attribute::xml:lang=""en-AE""]","Advice from our experts, BaByliss - Blog","نصائح الخبراء من بيبي ليس، المدونة"
"//library/folder[attribute::folder-id=""Advices-for-men""]/display-name[attribute::xml:lang=""en-AE""]","Advices for Men","نصائح للرجال"
"//library/folder[attribute::folder-id=""Advices-for-men""]/page-attributes/page-title[attribute::xml:lang=""en-AE""]","Advices man, BaByliss - Blog","نصائح للرجال من بيبي ليس - المدونة"
"//library/folder[attribute::folder-id=""Advices-for-woman""]/display-name[attribute::xml:lang=""en-AE""]","Advices for woman","نصائح للسيدات"
"//library/folder[attribute::folder-id=""Advices-for-woman""]/page-attributes/page-title[attribute::xml:lang=""en-AE""]","Advices woman, BaByliss - Blog","نصائح للسيدات من بيبي ليس - المدونة"
"//library/folder[attribute::folder-id=""News""]/display-name[attribute::xml:lang=""en-AE""]","News","أخبار"
"//library/folder[attribute::folder-id=""News""]/page-attributes/page-title[attribute::xml:lang=""en-AE""]","News, BaByliss - Blog","أخبار، بيبي ليس - المدونة"
"//library/folder[attribute::folder-id=""Promotions""]/display-name[attribute::xml:lang=""en-AE""]","Promotions","العروض الترويجية"
"//library/folder[attribute::folder-id=""Promotions""]/page-attributes/page-title[attribute::xml:lang=""en-AE""]","Promotions, BaByliss - Blog","العروض الترويجية، بيبي ليس - المدونة"
"//library/content[attribute::content-id=""barbe-3-jours""]/display-name[attribute::xml:lang=""en-AE""]","COMMENT AVOIR UNE BARBE DE 3 JOURS? HOW TO HAVE A 3-DAY BEARD?","COMMENT AVOIR UNE BARBE DE 3 JOURS? كيف يمكنك الحصول على لحية خلال 3 أيام؟"
"//library/content[attribute::content-id=""barbe-3-jours""]/custom-attributes/custom-attribute[attribute::attribute-id=""body""][attribute::xml:lang=""en-AE""]","<div class=""page-blog-articleContent"">
<h2 class=""page-blog-articleHeading"">
La barbe de 3 jours est on ne peut plus tendance en ce moment, elle est absolument  partout : dans la rue, à la télé, dans les films… Vous souhaitez l’adopter vous aussi ? Suivez nos quelques conseils pour réaliser une belle barbe courte et garder une allure soignée en toutes circonstances.
</h2>			
<p class=""page-blog-articleTitle"">
Comment tailler une barbe de 3 jours
</p>
<p class=""page-blog-articleText"">
Première étape et non des moindres, on commence par se laisser pousser la barbe pendant 4 ou 5 jours pour obtenir suffisamment de matière à tailler. Certains hommes devront se laisser pousser la barbe plus ou moins longtemps en fonction de la vitesse de pousse de leurs poils. Une barbe courte demande un entretien régulier : tous les 5 jours environ.</br>
</br>
Seconde étape, on s’équipe si ce n’est pas déjà fait d’une tondeuse et d’une brosse à barbe. Voici comment procéder pour tailler une barbe de 3 jours :  </p>
<blockquote class=""page-blog-articleQuote""> « si vous n’êtes pas sûr de la longueur, commencez par la hauteur de coupe la plus haute, et raccourcissez au fur et à mesure pour obtenir la longueur souhaitée » </blockquote>
<ul class=""page-blog-articleText""> 
<li>commencez par donner un petit coup de brosse à barbe afin d’obtenir des poils lisses </li>
<li>insérez le guide de coupe ou sabot le plus grand sur la tondeuse à barbe et réglez la longueur souhaitée, sachez que la longueur idéale d’une barbe de 3 jours est d’environ 2-3 millimètres</li>
<li>passez la tondeuse à rebrousse-poil sur l’ensemble du visage,  y compris sur les pattes</li>
<li>continuez de la même façon avec un sabot plus petit jusqu’à l’obtention de la longueur voulue </li>
</ul>
<p class=""page-blog-articleText""><b>Petit conseil :</b> si vous n’êtes pas sûr de la longueur, commencez par la hauteur de coupe la plus haute, et raccourcissez au fur et à mesure pour obtenir la longueur souhaitée</p>
<ul class=""page-blog-articleText""> 
<li>enlevez le sabot de la tondeuse, ou utilisez une tondeuse de précision, et tracez avec précision les contours de votre barbe pour un résultat net   </li>
<li>coupez les poils disgracieux à l’aide d’une paire de ciseaux à barbe</li>
<li>appliquez un baume ou une huile pour hydrater votre peau et vos poils et éviter les irritations </li>
</ul>
<p class=""page-blog-articleTitle"">Trouvez votre tondeuse à barbe professionnelle BaByliss For Men :</p>
<p class=""page-blog-articleText"">
<b>La tondeuse à barbe Le Designer (SH500)</b></p>    
<p class=""page-blog-articlePics""> <img class=""page-blog-articleImg page-blog-articleImg--small"" src=""/blog/Designer_496X496.jpg?$staticlink$"" alt=""Tondeuse barbe Designer SH500E""> <img class=""page-blog-articleImg page-blog-articleImg--small"" src=""/blog/DesignerWashable_496X496.jpg?$staticlink$"" alt=""Designer SH500E lavable sous l'eau""> </p>
<ul class=""page-blog-articleText"">
</br>
<li>3 lames rotatives multidirectionnelles pour capturer tous les poils sans exception</li>
<li>50 hauteurs de coupe : de 0,4 mm à 12 mm</li>
<li>Fonction wet & dry pour une utilisation sous la douche</li>
<li>Fonction charge rapide : 5 minutes de charge pour 3 minutes d’utilisation</li>
<li>Guide de coupe intégré, ultra résistant incassable </li>
<li>Fournie avec un socle de rangement/ recharge et une tondeuse de précision pour des finitions parfaites </li>
</ul>
</p>

<p class=""page-blog-articleText"">
<b>La tondeuse Digital Control (E876E)</b></p>
<p class=""page-blog-articlePics""> <img class=""page-blog-articleImg page-blog-articleImg--small"" src=""/blog/E876E_496X496.jpg?$staticlink$"" alt=""Tondeuse barbe E876E""> <img class=""page-blog-articleImg page-blog-articleImg--small"" src=""/blog/E876E-rights%20until%20September%202020_496X496.jpg?$staticlink$"" alt=""Tondeuse barbe BaByliss For Men E876E""> </p>    
<ul class=""page-blog-articleText"">
</br>
<li>Technologie W-Tech pour une efficacité de coupe 25% plus rapide </li>
<li>Hauteur de coupe de 0,4 à 10 mm avec une précision de 0,2 mm </li>
<li>Ecran à led pour une lecture simplifiée de la hauteur de coupe / temps de charge restante</li>
<li>Fonction mémoire pour retrouver la dernière hauteur de coupe utilisée</li>
<li>Fonction charge rapide : 5 minutes de charge pour 3 minutes d’utilisation</li>
<li>Les accessoires : deux sabots, une brosse de nettoyage, de l’huile lubrifiante</li>
</ul>
</p>



</div>",
"//library/content[attribute::content-id=""cheveux-lisses-sans-abimer""]/display-name[attribute::xml:lang=""en-AE""]","HOW TO STRAIGHTEN YOUR HAIR WITHOUT HURTING IT?","كيف يمكنك فرد الشعر دون إتلافه؟"
"//library/content[attribute::content-id=""cheveux-lisses-sans-abimer""]/custom-attributes/custom-attribute[attribute::attribute-id=""body""][attribute::xml:lang=""en-AE""]","<div class=""page-blog-articleContent"">
			<h2 class=""page-blog-articleHeading"">
				Straight hair? We all want it! But we also want a beautifully finished, shiny and silky hair. To get it all, it is important to have the right reactions: here is how to straighten your hair without damaging it.
			</h2>
			<p class=""page-blog-articleTitle"">
				Choosing the right straightener
			</p>
			<p class=""page-blog-articleText"">
				For a perfect straightening while preserving the hair at the same time, it is necessary to choose the straightener adapted to your needs. To take care of your hair, special attention will be paid to the material used for the coating of the plates, to the proposed temperature levels or to the ionic function. These innovations bring a real comfort during the styling while having increased protection of the hair.
<blockquote class=""page-blog-articleQuote""> ""The BaByliss range of straighteners is distinguished by its Diamond Ceramic coating, which offers a perfect glide and ideally distributes the heat to respect the hair fiber""</blockquote>
<ul class=""page-blog-articleText""> 
<li>The coating of the plates: it is very important to protect the hair and keep it soft. The BaByliss range is distinguished by its Diamond Ceramic coating, which offers a perfect glide and ideally distributes the heat to respect the hair fiber and offer a better protection of the hair</li>
<li> Heat dosage: in order to preserve a silky and soft hair, it is important to be able to adjust the temperature according to the type of hair during the straightening process.</li>
<li> Ionic function: Dry hair tends to be sensitive to static electricity. The ionic function neutralizes most of the electrical charge, for soft, shiny hair and static free.</li>
</ul>
			</p>
<p class=""page-blog-articleTitle"">
				Adopting the correct movements

</p>
<p class=""page-blog-articleText"">
Besides choosing a quality straightener, it is important to adopt the right reflexes when styling to preserve the beauty of your hair.
</br></br>
We will therefore:
<ul class=""page-blog-articleText""> 
<li>Protect the hair before straightening with a thermo-protective spray: this type of hair care nourishes the hair fiber, hydrates it and facilitates its styling. Straightening will become easier and more successful</li>
<li> Always work on dry hair. Do not straighten wet hair as not to hurt the structure of the hair and weaken it. The solution if you are in a hurry: opt for a straightener equipped with the Wet & Dry function, designed for use on wet hair.</li>
<li>Do not iron several times on the same section of hair: with too much stress, the capillary fiber could be damaged. Simply slide the plates smoothly and evenly over the entire section: the straightener is effective from the first stroke!</li>
<li> Adjust the temperature of the straightener to your hair type:</br>
- if your hair is fine or fragile, choose a thin-plate straightener and use the softer temperature to avoid hurting your hair. </br>
- if your hair is thick and curly, the temperature should be higher, using wider plates to achieve a perfect straightening 
</li>
<li>Avoid straightening hair every day: if your hair is properly done with a quality straightener, your straightening will hold perfectly until the next shampoo.</li>
</ul>			
</p>
			<p class=""page-blog-articleText"">
				Find the right BaByliss straightener for your hair!
			</p>
		</div>","<div class=""page-blog-articleContent"">
  <h2 class=""page-blog-articleHeading"">
                                هل ترغبين في الحصول على شعر مفرود؟ نرغب جمعينا في الحصول على شعر مفرود، ولكننا نرغب أيضاً في الحصول على شعر ناعم ولامع ذي مظهر نهائي رائع. يجب أن يتوفر لك الاختيارات المناسبة للحصول على كل ذلك: نقدم لك فيما يلي الطريقة المُثلى لفرد الشعر دون إتلافه.
                        </h2>
  <p class=""page-blog-articleTitle"">
  اختيار الجهاز الملائم لفرد الشعر
  </p>
  <p class=""page-blog-articleText"">
    يجب اختيار جهاز فرد الشعر الملائم لاحتياجاتك لفرد الشعر على نحو مثالي مع توفير أقصى درجات الحماية له. يجب اختيار المواد المستخدمة في الطبقة التي تُطلى بها الألواح بعناية فائقة وكذلك درجات الحرارة أو الخاصية الأيونية للعناية بشعرك على نحو أمثل. تمنحك هذه الابتكارات شعوراً فائقاً بالراحة أثناء تصفيف الشعر مع توفير أقصى درجات الحماية له.
    <blockquote class=""page-blog-articleQuote"">""تتميز مجموعة أجهزة فرد الشعر من بيبي ليس بأنها مطلية بطبقة من السيراميك الماسي مما يُساعد في تمريرها على الشعر بسهولة، إلى جانب التوزيع الأمثل للحرارة لحماية ألياف الشعر"".</blockquote>
    <ul class=""page-blog-articleText"">
      <li>الطبقة التي تُطلى بها الألواح: إن حماية الشعر والحفاظ على ملمسه الناعم من الأمور المهمة للغاية. تتميز مجموعة أجهزة فرد الشعر من بيبي ليس بأنها مطلية بطبقة من السيراميك الماسي مما يُساعد في تمريرها على الشعر بسهولة، إلى جانب التوزيع الأمثل للحرارة لتوفير أقصى درجات الحماية للشعر وأليافه.</li>
      <li> مستوى درجة الحرارة: للحصول على شعر ناعم بملمس الحرير يجب معرفة كيف يمكنك ضبط درجة الحرارة وفقاً لنوع شعرك أثناء عملية الفرد.</li>
      <li>الخاصية الأيونية: يتأثر الشعر الجاف بالشحنات الكهربائية الساكنة، لذا تأتي الخاصية الأيونية لتعمل على معادلة الشحنات الكهربائية للحصول على شعر لامع وناعم خالٍ من الشحنات الكهربائية الساكنة.</li>
    </ul>
  </p>
  <p class=""page-blog-articleTitle"">
    اختيار الحركات الصحيحة

  </p>
  <p class=""page-blog-articleText"">
    إلى جانب اختيار أجهزة فرد الشعر ذات الجودة العالية، يجب استخدام الحركات الصحيحة عند تصفيف الشعر للحفاظ على جماله.
    </br>
    </br>
    لذا يجب القيام بالأمور التالية:
    <ul class=""page-blog-articleText"">
      <li>توفير أقصى درجات الحماية للشعر قبل فرده باستخدام بخاخ حماية الشعر من الحرارة: يعمل هذا النوع من مستحضرات العناية بالشعر على تغذية ألياف الشعر وترطيبها، إلى جانب أنه يُسهل من عملية تصفيف الشعر، ليصبح بذلك فرد الشعر أكثر سهولةً ونجاحاً.</li>
      <li>قومي دوماً بفرد الشعر الجاف لا الشعر المبلل حتى لا تتعرض بِنية الشعر للتلف والضعف. إن الحل الأمثل إذا لم يكن لديك الوقت الكافي هو اختيار جهاز فرد الشعر المزود بخاصية الاستخدام مع الشعر الجاف والمبلل المصمم خصيصاً للاستخدام مع الشعر المبلل.</li>
      <li>لا تقومي بكي نفس الجزء من الشعر عدة مرات، حيث إن الضغط بقوة قد يؤدي إلى إتلاف ألياف الشعيرات. مرري الألواح برفق وبالتساوي على أحد أجزاء الشعر. سيحقق جهاز فرد الشعر النتيجة المطلوبة من أول مرة!</li>
      <li>اضبطي درجة حرارة جهاز فرد الشعر حسب نوع شعرك:</br>
        - إذا كان شعرك خفيفاً أو ضعيفاً فاختاري جهاز فرد الشعر ذي اللوحة الرفيعة، واستخدمي درجة حرارة منخفضة لحماية الشعر من التلف. </br>
        - إذا كان شعرك كثيفاً أو مموجاً يجب زيادة درجة الحرارة واستخدام ألواح أكبر من حيث العرض لفرد الشعر على نحو مثالي.
      </li>
      <li>تجنَّبي فرد الشعر يومياً: إذا استُخدم مع الشعر جهاز فرد ذي جودة عالية فسيظل الشعر مفروداً على نحو مثالي لحين غسله بالشامبو.</li>
    </ul>
  </p>
  <p class=""page-blog-articleText"">
    ابحثي عن جهاز الفرد الملائم لشعرك من بيبي ليس!
  </p>
</div>"
"//library/content[attribute::content-id=""choose-your-depilation""]/display-name[attribute::xml:lang=""en-AE""]","LONG-TERM PAUNLESS DEPILATION: OUR TIPS TO CHOOSE YOUR DEPILATION METHOD","إزالة الشعر على المدى الطويل دون الشعور بألم: نصائحنا لاختيار أسلوب إزالة الشعر"
"//library/content[attribute::content-id=""choose-your-depilation""]/custom-attributes/custom-attribute[attribute::attribute-id=""body""][attribute::xml:lang=""en-AE""]","<div class=""page-blog-articleContent"">

<h2 class=""page-blog-articleHeading""> Pulsed Light Depilation, electric depilation with one or two heads ... Do you hesitate between all these different methods of hair removal? Which method to choose to get rid of the unwanted hair and be beautiful without suffering too much? We show you methods to choose from!</h2>


<p class=""page-blog-articlePics"">
				<img class=""page-blog-articleImg"" src=""/blog/G960E_1030_440.jpg?$staticlink$"" alt=""image d'article du blog"">
			</p>  

<p class=""page-blog-articleTitle""><br/> Pulsed Light Depilation</p>

	<p class=""page-blog-articleText""> This type of depilation, also called IPL, Intense Pulsed Light, ensures a semi-complete, fast and efficient result. This is currently the least painful depilation technology as it does not require hair to be pulled out. The hair must be shaved beforehand, then flashed by the device. The sensation of the flash feels like a punctual heating of the skin. In addition, depilation with pulsed light eliminates hairs for a long time and leaves a clean skin, in less than 8 sessions!</p>

<blockquote class=""page-blog-articleQuote"">  This method of depilation is not suitable for very dark skin and white or blond hair </blockquote>

 <ul class=""page-blog-articleText""> Want to get ready? Make the right choice with BaByliss Homelight products and focus on the <a href=""$httpsUrl('Product-Show','pid','G973PSDE')$"" class=services-link"" > Skin Sensor </a>: 

	<li> Ergonomic shape </li>
	<li> Tested under dermatological control </li>
	<li> suitable for facial and body depilation </li>
	<li> 90% less hair after 8 sessions</li>
	<li> 300 000 guaranteed flashes </li> 
	<li> Wide window for fast processing 4 cm2 (the widest in the market)</li>
	<li> Gliss mode for faster results</li>
	<li> Manual mode for more precision</li>
	<li> Download Homelight application on your smartphone to plan and follow your sessions!</li>
</ul>
	


<p class=""page-blog-articleText""> Good to know: this depilation method is not suitable for very dark skins and white or blond hairs </p>



<p class=""page-blog-articleTitle""> Electric depilation with two heads</p>

	<p class=""page-blog-articleText"">
Electric depilation is effective and simple to do by yourself: it allows you to obtain a clean skin in no time. In addition, the hair does not grow too quickly, it takes about three to four weeks before restarting the operation, depending on hair growth speed. Thanks to precision heads, electric epilators make it possible to depilate the most sensitive areas, like the bikini line and underarms.
If you want to test this depilation method, we recommend you to choose the BaByliss Perfect'Liss Duo electric epilator:
<p class=""page-blog-articlePics"">
				<img class=""page-blog-articleImg"" src=""/blog/G822E_1030_440.jpg?$staticlink$"" alt=""image d'article du blog"">
			</p> <br/> 

<ul class=""page-blog-articleText"">

<li> Equipped with 72 clamps for faster results </li> 
<li> Double head that tightens the skin to reduce the feeling of pain and a 20% faster depilation</li> 
<li> Total Capture Exclusive technology: no hair is skipped</li> 
<li> Maximum comfort: two massage bars desensitize the skin before depilation </li> 
<li> Clean results </li>
<li> Precision head to reach sensitive areas</li>
<li> Built-in light to see all hair!</li>
<li> Storage case for easy carrying </li>
	
</ul>
	</p>


<p class=""page-blog-articleText""> Electric depilation is more painful than pulsed light because dozens of clamps pull the hair off. Nevertheless, the state-of-the-art electric epilators by BaByliss, guarantee fast, comfortable depilation and smooth skin for a long time compared to depilation with a razor or with wax for example.</p>

	<p class=""page-blog-articlePics"">
				<img class=""page-blog-articleImg page-blog-articleImg--small"" src=""/blog/G802E_bikiniuse_496_496.jpg?$staticlink$"" alt=""image d'article du blog"">
				<img class=""page-blog-articleImg page-blog-articleImg--small"" src=""/blog/G802E_Washable_496_496.jpg?$staticlink$"" alt=""image d'article du blog"">
			</p>

	</p>

		</div>","<div class=""page-blog-articleContent"">

  <h2 class=""page-blog-articleHeading"">إزالة الشعر بتقنية الضوء النبضي، إزالة الشعر بالكهرباء باستخدام جهاز ذي رأس واحد أو رأسين ... ... هل تجدين صعوبة في الاختيار من بين الأساليب المختلفة لإزالة الشعر؟ أي أسلوب يمكن اختياره للتخلص من الشعر الزائد والحصول على مظهر رائع دون معاناة؟ سنوضح لك الأساليب المختلفة للاختيار من بينها!</h2>


  <p class=""page-blog-articlePics"">
    <img class=""page-blog-articleImg"" src=""/blog/G960E_1030_440.jpg?$staticlink$"" alt=""image d'article du blog"">
  </p>

  <p class=""page-blog-articleTitle""><br/> إزالة الشعر بتقنية الضوء النبضي</p>

  <p class=""page-blog-articleText"">يُعرف هذا النوع من إزالة الشعر بتقنية الضوء النبضي المكثف IPL والتي تضمن الحصول على نتيجة فعَّالة وسريعة. تعد تقنية إزالة الشعر هذه هي التقنية الأقل ألماً، حيث إنها لا تعمل على شد الشعر. يجب حلاقة الشعر قبل إزالته، ثم يُستخدم الجهاز لإرسال الومضات. ستشعرين بسخونة في الجلد بفعل هذه الومضات. تساعدك تقنية إزالة الشعر بالضوء النبضي في التخلص من الشعر لفترة طويلة والحصول على بشرة نظيفة تماماً في أقل من 8 جلسات!</p>

  <blockquote class=""page-blog-articleQuote"">لا يلائم أسلوب إزالة الشعر هذا البشرةَ الداكنة للغاية والشعر الأبيض أو الأشقر </blockquote>

  <ul class=""page-blog-articleText"">هل تريدين الاستعداد الآن؟ اختاري المنتج المناسب من منتجات بيبي ليس هوم لايت، وننصحك باقتناء أيٍّ من الأجهزة المزودة
    <a href=""$httpsUrl('Product-Show','pid','G973PSDE')$"" class=""services-link "">بمستشعر البشرة</a>:

    <li> تصميم مُعَد للاستخدام السهل والآمن </li>
    <li> خضع للاختبار تحت إشراف أطباء الأمراض الجلدية </li>
    <li>  مناسب لإزالة الشعر من الوجه والجسم  </li>
    <li> شعر أقل بنسبة 90% بعد 8 جلسات</li>
    <li> 300,000 ومضة  </li>
    <li> نافذة عريضة لمعالجة 4 سم2 من سطح البشرة (النافذة الأكبر من حيث العرض) على نحو أسرع</li>
    <li> وضع Gliss للحصول على نتائج سريعة</li>
    <li> وضع يدوي لمزيد من الدقة</li>
    <li> نزلي تطبيق هوم لايت على جهازك الذكي للتخطيط لجلساتك ومتابعتها!</li>
  </ul>



  <p class=""page-blog-articleText ""> معلومات مفيدة: لا يلائم أسلوب إزالة الشعر هذا البشرة الداكنة للغاية والشعر الأبيض أو الأشقر</p>



  <p class=""page-blog-articleTitle "">إزالة الشعر بالكهرباء باستخدام جهاز ذي رأسين</p>

  <p class=""page-blog-articleText "">
    إن إزالة الشعر بالكهرباء أسلوب فعال وسهل يمكنك القيام به بنفسك: حيث يمكنك مع هذا الأسلوب الحصول على بشرة نظيفة في أقل وقت ممكن. كما أن الشعر لا ينمو سريعاً حيث يستغرق الأمر من ثلاثة إلى أربعة أسابيع لإعادة العملية من جديد، ويعتمد ذلك على سرعة نمو الشعر. تأتي أجهزة إزالة الشعر الكهربائية برؤوس تحديد دقيقة تساعد في إزالة الشعر من المناطق الحساسة مثل خط البكيني وتحت الإبط.

    إذا كنت ترغبين في تجربة هذا الأسلوب في إزالة الشعر ننصحك باختيار جهاز إزالة الشعر الكهربائي بيرفيكت ليس™دو ذي الرأس المزدوج من بيبي ليس:
    <p class=""page-blog-articlePics "">
      <img class=""page-blog-articleImg "" src=""/blog/G822E_1030_440.jpg?$staticlink$ "" alt=""image d 'article du blog"">
    </p> <br/>

    <ul class=""page-blog-articleText"">

      <li>مزود بـ72 ملقطاً للحصول على نتائج أسرع</li>
<li>رأس مزدوج يساعد في شد البشرة لتقليل الشعور بالألم وإزالة الشعر على نحو أسرع بنسبة 20%</li>
<li>تقنية حصرية لالتقاط الشعر بالكامل: لن تتُرك شعرة واحدة دون إزالة</li>
<li>راحة فائقة: أداتا تدليك لتهدئة البشرة قبل إزالة الشعر</li>
<li>نتائج رائعة وبشرة نظيفة</li>
<li>رأس تحديد دقيق للوصول إلى المناطق الحساسة</li>
<li>إضاءة مدمجة لرؤية الشعر بالكامل!</li>
<li>حقيبة تخزين لسهولة حمله</li>

    </ul>
  </p>


  <p class=""page-blog-articleText"">إن إزالة الشعر بالكهرباء أكثر ألماً من إزالته بتقنية الضوء النبضي، إذ تعمل العديد من الملاقيط على شد الشعرة. رغم ذلك  تضمن لك أحدث الأجهزة على الإطلاق لإزالة الشعر بالكهرباء من بيبي إزالةَ الشعر بسرعة مع توفير أقصى درجات الراحة للحصول على بشرة ناعمة تدوم طويلاً مقارنةً بإزالة الشعر بشفرات الحلاقة أو الشمع مثلاً.</p>

  <p class=""page-blog-articlePics"">
    <img class=""page-blog-articleImg page-blog-articleImg--small"" src=""/blog/G802E_bikiniuse_496_496.jpg?$staticlink$"" alt=""image d'article du blog "">
    <img class=""page-blog-articleImg page-blog-articleImg--small "" src=""/blog/G802E_Washable_496_496.jpg?$staticlink$ "" alt=""image d 'article du blog"">
  </p>

  </p>

</div>"
"//library/content[attribute::content-id=""cms-univers-for-men""]/custom-attributes/custom-attribute[attribute::attribute-id=""body""][attribute::xml:lang=""en-AE""]","<div class=""page-banner page-banner--formen"">
   <div class=""page-bannerBg page-bannerBg--universHomme"">
      <img src=""univers/banner_july19th.jpg?$staticlink$"" alt="" class=""img-cover"">
   </div>
   <div class=""page-bannerContent page-bannerContent--univers"">
      <img class=""whiteForMenLogo"" alt="" src=""Pictures/BBFM.png?$staticlink$"" title="" />
      <h2 class=""univers-topProduct-pageTitle"">WELCOME BEARDED FRIEND</h2>
      <div class=""page-bannerText page-bannerText--univers"">We have a lot of love for beards. Some might call us the beard experts; we’re not into that bragging-thing though.</div>
      <p class=""page-bannerText page-bannerText--univers"">What we’re into however, is individuality. The way a man beards, not to look like any other man but to show the world what he’s made of, intrigues the very essence of our brand. If we were to explain the previous in one word, it would be <strong>BEARDIFFERENT</strong>.</p>
   </div>
</div>","<div class=""page-banner page-banner--formen"">
   <div class=""page-bannerBg page-bannerBg--universHomme"">
      <img src=""univers/banner_july19th.jpg?$staticlink$"" alt="" class=""img-cover"">
   </div>
   <div class=""page-bannerContent page-bannerContent--univers"">
      <img class=""whiteForMenLogo"" alt="""" src=""Pictures/BBFM.png?$staticlink$"" title="" />
      <h2 class=""univers-topProduct-pageTitle"">مرحباً صديقنا صاحب اللحية</h2>
      <div class=""page-bannerText page-bannerText--univers"">إن العناية باللحية من الأمور التي تهمنا للغاية. يصفنا البعض بأننا خبراء اللِّحى، ولكننا لا نقول ذلك من قَبيل التفاخر والتباهي.</div>
      <p class=""page-bannerText page-bannerText--univers"">ما نود تسليط الضوء عليه هو التفرد والاستقلالية. إن مظهر اللحية التي يتميز بها الرجل عن غيره من الرجال والتي يعبر بها عن شخصيته هو جوهر علامتنا التجارية. ويمكن تلخيص ذلك في عبارة واحدة هي
        <strong>حدِّد مظهر لحيتك بأسلوبك الخاص!</strong>.</p>
   </div>
</div>"
"//library/content[attribute::content-id=""cms-univers-men-tips""]/custom-attributes/custom-attribute[attribute::attribute-id=""body""][attribute::xml:lang=""en-AE""]","<div class=""univers-astuces-wrapper univers-astuces-wrapper--formen"">
    <div class=""univers-astuces"">
        <div class=""univers-astuces-right"">
           <div class=""univers-for-men-title"">
              <img class=""image-title"" src=""univers/unstoppable-power.png?$staticlink$"" alt="">
              <h3 class=""univers-astuces-title"">Unstoppable Power</h3>
           </div>
           <p class=""univers-astuces-text"">BaByliss For Men trimmers are beasts when it comes to performance. That’s because we packed them with nothing but the best components without compromising on quality! The W-Tech blades on our trimmers combined with the high stop pressure guarantee the highest performance needed for a perfect trim. Every inch of technology we’ve put in our trimmers is specifically designed to empower you to master any beard style you can think of.</p>
        </div>
        <div class=""univers-astuces-left"">
            <ul class=""univers-astuces-stepsList"">
                <li class=""univers-astuces-stepsItem"">
                <div class=""univers-astuces-stepsItem-wrapper"">
                    <div class=""univers-astuces-stepIcon-wrapper""><img class=""image"" src=""univers/self-expression.png?$staticlink$"" alt=""></div>
                    <div class=""univers-astuces-stepContent"">
                        <p class=""univers-astuces-stepTitle"">No.1 Choice For Self-expression</p>
                        <p class=""univers-astuces-stepText"">Grow your beard! Do not be afraid of those hair follicles growing on your face signifying the essence of manhood. It’s your beard man, do whatever suits you best even if it breaks norms and sparks social debate! Just Beardifferent! We assure you that with BaByliss For Men trimmers, you’re going to dominate that beard and create outstanding styles!</p>
                        </div>
                    </div>
                </li>
                <li class=""univers-astuces-stepsItem"">
                    <div class=""univers-astuces-stepsItem-wrapper"">
                        <div class=""univers-astuces-stepIcon-wrapper""><img class=""image"" src=""univers/precision-power-prowess.png?$staticlink$"" alt=""></div>
                        <div class=""univers-astuces-stepContent"">
                            <p class=""univers-astuces-stepTitle"">Precision. Power. Prowess.</p>
                            <p class=""univers-astuces-stepText"">So what’s the big deal with precision? Just like a supercar needs a beast of an engine, trimmers need a motor that is powerful enough to get those blades trimming your beard without pulling hairs. Our trimmers boast that beast of an engine powering superior W-Tech blades for an unparalleled trimming experience.</p>
                        </div>
                    </div>
                </li>
                <li class=""univers-astuces-stepsItem"">
                    <div class=""univers-astuces-stepsItem-wrapper"">
                        <div class=""univers-astuces-stepIcon-wrapper""><img class=""image"" src=""univers/exceptional-quality.png?$staticlink$"" alt=""></div>
                        <div class=""univers-astuces-stepContent"">
                            <p class=""univers-astuces-stepTitle"">Exceptional Quality</p>
                            <p class=""univers-astuces-stepText"">We are backed by more than 50 years of experience providing salons and barbers with a professional line of products –BaByliss Pro®– catered to their use. We provide you with brilliant balanced designs, a floating head that enhances your trimming experience and on top of that, a 3 year warranty on all BaByliss For Men models. Legendary, isn’t it?</p>
                        </div>
                    </div>
                </li>
            </ul>
        </div>
    </div>
</div>","<div class=""univers-astuces-wrapper univers-astuces-wrapper--formen"">
  <div class=""univers-astuces"">
    <div class=""univers-astuces-right"">
      <div class=""univers-for-men-title"">
        <img class=""image-title"" src=""univers/unstoppable-power.png?$staticlink$"" alt="""">
              <h3 class=""univers-astuces-title"">قوة لا حدود لها</h3>
           </div>
           <p class=""univers-astuces-text "">تُعد أجهزة التشذيب من بيبي ليس للرجال المنتجَ الأفضل من حيث الأداء، لذا كان تزويد هذه الأجهزة بأفضل القطع دون الاستغناء عن الجودة من أهم أولوياتنا. تأتي أجهزة تشذيب اللحية مزودةً بشفرات W-Tech تتميز بثباتها الشديد للحصول على أعلى أداء ولحية مشذبة على نحو مثالي. استخدمت كل العناصر التقنية في هذه الأجهزة بعناية فائقة لتمكنك من الحصول على مظهر اللحية الذي ترغب فيه.</p>
        </div>
        <div class=""univers-astuces-left "">
            <ul class=""univers-astuces-stepsList "">
                <li class=""univers-astuces-stepsItem "">
                <div class=""univers-astuces-stepsItem-wrapper "">
                    <div class=""univers-astuces-stepIcon-wrapper ""><img class=""image "" src=""univers/self-expression.png?$staticlink$ "" alt=""""></div>
      <div class=""univers-astuces-stepContent"">
        <p class=""univers-astuces-stepTitle"">الاختيار رقم واحد للتعبير عن الذات</p>
        <p class=""univers-astuces-stepText"">حدد مظهر لحيتك الآن! لا تشعر بالقلق من بصيلات شعر اللحية، حيث إنها تعبر عن الطابع الذكوري. إنها لحيتك، فافعل بها ما شئت حتى إن كنت بذلك تتخطى كل ما هو تقليدي وتثير الجدل الاجتماعي. حدد مظهر لحيتك بأسلوبك الخاص! نعدك بأنه مع أجهزة تشذيب اللحية من بيبي ليس للرجال ستستطيع التحكم في شكل اللحية والحصول على مظهر رائع!</p>
      </div>
    </div>
    </li>
    <li class=""univers-astuces-stepsItem"">
      <div class=""univers-astuces-stepsItem-wrapper"">
        <div class=""univers-astuces-stepIcon-wrapper""><img class=""image"" src=""univers/precision-power-prowess.png?$staticlink$"" alt=""""></div>
                        <div class="" univers-astuces-stepContent "">
                            <p class=""univers-astuces-stepTitle "">القوة، الدقة، الأداء العالي</p>
                            <p class=""univers-astuces-stepText "">حسناً، ما وجه الأهمية في الدقة؟ كما تحتاج السيارات الرياضية الخارقة إلى محرك قوي تحتاج أجهزة تشذيب اللحية إلى محرك قوي بالقدر الكافي حتى تستطيع الشفرات حلاقة اللحية دون شد الشعر. تزود أجهزة تشذيب اللحية لدينا بمحرك قوي يستطيع تشغيل شفرات الحلاقة الفائقة الأداء التي تعمل بتقنية W-Tech للحصول على تجربة لا تضاهى أثناء تشذيب اللحية.</p>
                        </div>
                    </div>
                </li>
                <li class=""univers-astuces-stepsItem "">
                    <div class=""univers-astuces-stepsItem-wrapper "">
                        <div class=""univers-astuces-stepIcon-wrapper ""><img class=""image "" src=""univers/exceptional-quality.png?$staticlink$ "" alt=""""></div>
        <div class=""univers-astuces-stepContent"">
          <p class=""univers-astuces-stepTitle"">جودة استثنائية</p>
          <p class=""univers-astuces-stepText"">نتمتع بخبرة تزيد على خمسين عاماً استطعنا خلالها تزويد صالونات التجميل ومتاجر الحلاقة بمجموعة من منتجات بيبي ليس برو® الرائعة الملائمة لاحتياجاتهم. نقدم لك أجهزة مميزة لتشذيب اللحية مزودة برأس ذات تصميم انسيابي لتعزيز تجربتك، هذا إلى جانب ضمان لمدة 3 أعوام على كل منتجات بيبي ليس للرجال. شيء يفوق الخيال، أليس كذلك؟</p>
        </div>
      </div>
    </li>
    </ul>
  </div>
</div>
</div>"
"//library/content[attribute::content-id=""cms-univers-women-three""]/custom-attributes/custom-attribute[attribute::attribute-id=""body""][attribute::xml:lang=""en-AE""]","<div class=""univers-topProduct-wrapper univers-topProduct-wrapper--women""> 
<div class=""univers-topProduct-content"">   
<div class=""univers-topProduct-block univers-topProduct-block--left"">    
 <h3 class=""univers-topProduct-pageTitle univers-topProduct-pageTitle--women"">De Hot Straightening<br />
     Brush</h3>
<div class=""univers-topProduct-info"">    
   <p class=""univers-topProduct-infoTxt univers-topProduct-infoTxt--ref"">Reference : HSB100SDE</p>       <p class=""univers-topProduct-infoTxt"">No need to brush your hair before using the Liss Brush 3D straightening brush.</p>       <p class=""univers-topProduct-infoTxt"">The stiff plastic outer bristles will gently detangle your hair without damaging or pulling it. For the treatment to be more effective, the silicon tips place your hair as close to the heating element as possible without pulling it.</p>       <div class=""univers-topProduct-infoButton"">         <a href=""$httpsUrl('Product-Show', 'pid', 'HEROHSB100SDE')$"" class=""button button-pink js-gtm-universe-productview"">See the product</a>       </div>     </div>   </div>   <div class=""univers-topProduct-block univers-topProduct-block--right"">      <img alt="" src=""univers/lissBrush.png?$staticlink$"" title=""visuel the lissBrush"" />     <ul class=""univers-topProduct-toolbox-list univers-topProduct-toolbox-list--women"">       <li class=""univers-topProduct-toolbox-listItem"">       <div class=""univers-topProduct-toolbox-box univers-topProduct-toolbox-box--left univers-topProduct-toolbox-box--women"">         <div class=""univers-topProduct-toolbox-close univers-topProduct-toolbox-close--women js-univers-topProduct-toolbox-close"">            <i class=""icon icon-cross""></i>         </div>         <p>Ionic function to eliminate static electricity and frizz and guarantee a smooth and shiny result (small + highest)                 </p>       </div>       <div class=""univers-topProduct-toolbox-more univers-topProduct-toolbox-more--women js-univers-topProduct-toolbox-more"">         <span class=""univers-topProduct-toolbox-button univers-topProduct-toolbox-button--women js-gtm-universe-circle"">+</span>       </div>        </li>       <li class=""univers-topProduct-toolbox-listItem"">       <div class=""univers-topProduct-toolbox-box univers-topProduct-toolbox-box--left univers-topProduct-toolbox-box--women"">         <div class=""univers-topProduct-toolbox-close univers-topProduct-toolbox-close--women js-univers-topProduct-toolbox-close"">            <i class=""icon icon-cross""></i>         </div>         <p>3 types of bristles for a perfect result </p>       </div>       <div class=""univers-topProduct-toolbox-more univers-topProduct-toolbox-more--women js-univers-topProduct-toolbox-more"">         <span class=""univers-topProduct-toolbox-button univers-topProduct-toolbox-button--women js-gtm-universe-circle"">+</span>       </div>        </li>       <li class=""univers-topProduct-toolbox-listItem"">       <div class=""univers-topProduct-toolbox-box univers-topProduct-toolbox-box--left univers-topProduct-toolbox-box--women"">         <div class=""univers-topProduct-toolbox-close univers-topProduct-toolbox-close--women js-univers-topProduct-toolbox-close"">            <i class=""icon icon-cross""></i>         </div>         <p>LED temperature display   </p>       </div>       <div class=""univers-topProduct-toolbox-more univers-topProduct-toolbox-more--women js-univers-topProduct-toolbox-more"">         <span class=""univers-topProduct-toolbox-button univers-topProduct-toolbox-button--women js-gtm-universe-circle"">+</span>       </div>        </li>       <li class=""univers-topProduct-toolbox-listItem"">       <div class=""univers-topProduct-toolbox-box univers-topProduct-toolbox-box--left univers-topProduct-toolbox-box--women"">         <div class=""univers-topProduct-toolbox-close univers-topProduct-toolbox-close--women js-univers-topProduct-toolbox-close"">            <i class=""icon icon-cross""></i>         </div>         <p>3 temperatures: 160°C, 180°C, </br>200°C for all hair types </p>       </div>       <div class=""univers-topProduct-toolbox-more univers-topProduct-toolbox-more--women js-univers-topProduct-toolbox-more"">         <span class=""univers-topProduct-toolbox-button univers-topProduct-toolbox-button--women js-gtm-universe-circle"">+</span>       </div>        </li>     </ul>   </div> </div></div>","<div class=""univers-topProduct-wrapper univers-topProduct-wrapper--women"">
  <div class=""univers-topProduct-content"">
    <div class=""univers-topProduct-block univers-topProduct-block--left"">
      <h3 class=""univers-topProduct-pageTitle univers-topProduct-pageTitle--women"">فرشاة فرد الشعر<br />
     الحرارية</h3>
      <div class=""univers-topProduct-info"">
        <p class=""univers-topProduct-infoTxt univers-topProduct-infoTxt--ref"">الرقم المرجعي : HSB100SDE</p>
        <p class=""univers-topProduct-infoTxt"">لن تحتاجي إلى تمشيط الشعر قبل استخدام فرشاة غير ثلاثية الأبعاد لفرد الشعر.</p>
        <p class=""univers-topProduct-infoTxt"">إذ تأتي هذه الفرشاة مزودة بشعيرات بلاستيكية خارجية قوية تعمل على فك تشابك الشعر برفق دون إتلافه أو شده بقوة. للحصول على نتائج أكثر فاعليةً تعمل الأطراف المصنوعة من السيليكون على تقريب الشعر قدر المستطاع من عنصر التسخين دون شده.</p>
        <div class=""univers-topProduct-infoButton"">
        <a href=""$httpsUrl('Product-Show', 'pid', 'HEROHSB100SDE')$"" class=""button button-pink js-gtm-universe-productview"">انظري المنتج</a> </div>
      </div>
    </div>
    <div class=""univers-topProduct-block univers-topProduct-block--right"">
      <img alt="""" src="" univers/lissBrush.png?$staticlink$ "" title=""عرض فرشاة ليس "" />     <ul class=""univers-topProduct-toolbox-list univers-topProduct-toolbox-list--women "">       <li class=""univers-topProduct-toolbox-listItem
        "">       <div class=""univers-topProduct-toolbox-box univers-topProduct-toolbox-box--left univers-topProduct-toolbox-box--women "">         <div class=""univers-topProduct-toolbox-close univers-topProduct-toolbox-close--women js-univers-topProduct-toolbox-close
        "">            <i class=""icon icon-cross ""></i>         </div>         <p>تعمل الخاصية الأيونية على القضاء على الشحنات الكهربائية الساكنة للحصول على شعر ناعم ولامع خالٍ من التجعد (الأصغر حجماً + الأعلى أداءً)                 </p>       </div>       <div class=""univers-topProduct-toolbox-more
        univers-topProduct-toolbox-more--women js-univers-topProduct-toolbox-more "">         <span class=""univers-topProduct-toolbox-button univers-topProduct-toolbox-button--women js-gtm-universe-circle
        "">+</span>       </div>        </li>       <li class=""univers-topProduct-toolbox-listItem "">       <div class=""univers-topProduct-toolbox-box univers-topProduct-toolbox-box--left univers-topProduct-toolbox-box--women "">         <div class=""univers-topProduct-toolbox-close univers-topProduct-toolbox-close--women
        js-univers-topProduct-toolbox-close "">            <i class=""icon icon-cross ""></i>         </div>         <p>ثلاثة أنواع من الشعيرات للحصول على نتائج مثالية </p>       </div>       <div class=""univers-topProduct-toolbox-more univers-topProduct-toolbox-more--women
        js-univers-topProduct-toolbox-more "">         <span class=""univers-topProduct-toolbox-button univers-topProduct-toolbox-button--women js-gtm-universe-circle "">+</span>       </div>        </li>       <li class=""univers-topProduct-toolbox-listItem
        "">       <div class=""univers-topProduct-toolbox-box univers-topProduct-toolbox-box--left univers-topProduct-toolbox-box--women "">         <div class=""univers-topProduct-toolbox-close univers-topProduct-toolbox-close--women js-univers-topProduct-toolbox-close
        "">            <i class=""icon icon-cross ""></i>         </div>         <p>شاشة عرض إل إي دي   </p>       </div>       <div class=""univers-topProduct-toolbox-more univers-topProduct-toolbox-more--women js-univers-topProduct-toolbox-more "">         <span class=""univers-topProduct-toolbox-button
        univers-topProduct-toolbox-button--women js-gtm-universe-circle "">+</span>       </div>        </li>       <li class=""univers-topProduct-toolbox-listItem "">       <div class=""univers-topProduct-toolbox-box univers-topProduct-toolbox-box--left univers-topProduct-toolbox-box--women
        "">         <div class=""univers-topProduct-toolbox-close univers-topProduct-toolbox-close--women js-univers-topProduct-toolbox-close "">            <i class=""icon icon-cross
        ""></i>         </div>         <p>3 درجات حرارة: 160 درجةً مئويةً، 180 درجةً مئويةً </br>200 درجة مئوية، مناسب لكل أنواع الشعر </p>       </div>       <div class=""univers-topProduct-toolbox-more univers-topProduct-toolbox-more--women js-univers-topProduct-toolbox-more "">         <span class=""univers-topProduct-toolbox-button univers-topProduct-toolbox-button--women js-gtm-universe-circle
        "">+</span>       </div>        </li>     </ul>   </div> </div></div>"
"//library/content[attribute::content-id=""contact-info-country""]/custom-attributes/custom-attribute[attribute::attribute-id=""body""][attribute::xml:lang=""en-AE""]","<fieldset>
      <div class=""required"" aria-required=""true"">
        <label for=""${pdict.CurrentForms.contactus.category.htmlName}""><span>Select a country</span></label>

        <div class=""field-wrapper"">
          <select class=""input-select required"" name=""select-country-contactus"">
            <option class=""select-option"" value="">select...</option>
          	<option class=""select-option"" value=""UAE"">United Arab Emirates</option>
          	<option class=""select-option"" value=""SA"">Saudi Arabia</option>
          	<option class=""select-option"" value=""Kuwait"">Kuwait</option>
          	<option class=""select-option"" value=""Qatar"">Qatar</option>
          	<option class=""select-option"" value=""Oman"">Oman</option>
          	<option class=""select-option"" value=""Bahrain"">Bahrain</option>
          	<option class=""select-option"" value=""Iraq"">Iraq</option>
          	<option class=""select-option"" value=""Jordan"">Jordan</option>
          	<option class=""select-option"" value=""Lebanon"">Lebanon</option>
          	<option class=""select-option"" value=""Egypt"">Egypt</option>
          	<option class=""select-option"" value=""Pakistan"">Pakistan</option>
         

          </select>
        </div>

      </div>
	   
    </fieldset>
    
    	<div class=""country-info"" id=""UAE"" style=""display:none;"">
                        <h2>Company Name :</h2>
    		               <p>Jashanmal National Company</p>
			<h2>Telephone no. :</h2>
				<a href=""tel:+971 4 417 4800"">+971 4 417 4800</a>
<h2>E-mail :</h2>	
			<a href=""mailto: dubai_infomiddleeast@conair.com"">dubai_infomiddleeast@conair.com</a>
                
			<h2>Address :</h2>
				<p>P.O. Box 1545, Dubai - UAE</p>
			<h2>Website :</h2>	
			<a href=""http://www.jashanmalgroup.com"" target=""_blank"">http://www.jashanmalgroup.com</a>
		</div>
		
		<div class=""country-info"" id=""SA"" style=""display:none;"">
                        <h2>Company Name :</h2>
			<p>Ahmed Abdulwahed Trading Co.</p>
			<h2>Telephone no. :</h2>
				<a href=""tel:920011766"">920011766</a>
			<h2>E-mail :</h2>	
		
<a href=""mailto:customercare@abdulwahed.com?cc=dubai_infomiddleeast@conair.com"">customercare@abdulwahed.com</a>

			<h2>Website :</h2>	
			<a href=""https://abdulwahed.com"" target=""_blank"">https://abdulwahed.com</a>
		</div>
		
		<div class=""country-info"" id=""Kuwait"" style=""display:none;"">
                        <h2>Company Name :</h2>
			<p>Jashanmal National Company</p>
			<h2>Address :</h2>
				<p>Kuwait City, Kuwait</p>
			<h2>Telephone no. :</h2>
				<a href=""tel:+965 2 474 5936"">+965 2 474 5936</a>
			<h2>E-mail :</h2>	
<a href=""mailto:workshop@jashanmal.net?cc=dubai_infomiddleeast@conair.com"">workshop@jashanmal.net</a>
			<h2>Website :</h2>	
			<a href=""http://www.jashanmalgroup.com"" target=""_blank"">http://www.jashanmalgroup.com</a>
		</div>
		
		<div class=""country-info"" id=""Qatar"" style=""display:none;"">
                        <h2>Company Name :</h2>
			<p>Khalid Spectrum Co. WLL</p>
			<h2>Address :</h2>
				<p>P.O Box 22208, Doha - Qatar</p>
			<h2>Telephone no. :</h2>
				<a href=""tel:+974 4 436 5959"">+974 4 436 5959</a>
			<h2>Fax :</h2>
			<p>+974 4 436 1211</p>
			<h2>E-mail :</h2>	
<a href=""mailto:info@khalidspectrum.com?cc=dubai_infomiddleeast@conair.com"">info@khalidspectrum.com</a>
			<h2>Website :</h2>	
			<a href=""http://www.khalidspectrum.com"" target=""_blank"">http://www.khalidspectrum.com</a>	
		</div>
		
		<div class=""country-info"" id=""Oman"" style=""display:none;"">
                        <h2>Company Name :</h2>
			<p>Jashanmal National Company</p>
			<h2>Telephone no. :</h2>
				<a href=""tel:+968 24702399"">+968 24702399</a>
			<h2>E-mail :</h2>	
			<a href=""mailto:service.oman@jashanmal.ae?cc=dubai_infomiddleeast@conair.com"">service.oman@jashanmal.ae</a>

			<h2>Website :</h2>	
			<a href=""http://www.jashanmalgroup.com"" target=""_blank"">http://www.jashanmalgroup.com</a>		
		</div>
		
		<div class=""country-info"" id=""Bahrain"" style=""display:none;"">
                        <h2>Company Name :</h2>
			<p>Al Moayyed International Group</p>
			<h2>Address :</h2>
				<p>P.O. Box 26259</p>
			<h2>Contact person :</h2>
				<p>Mr. Bharat Masur</p>
			<h2>Telephone no. :</h2>
				<p>Telephone – 00973-17400444 (ext – 115)</p>
                                <p>Mobile – 00973-33130694</p>
<h2>E-mail :</h2>	
			<a href=""mailto: dubai_infomiddleeast@conair.com"">dubai_infomiddleeast@conair.com</a>


			<h2>Website :</h2>	
			<a href=""http://www.almoayyedintl.com"" target=""_blank"">http://www.almoayyedintl.com</a>		
		</div>
		
		<div class=""country-info"" id=""Iraq"" style=""display:none;"">
                        <h2>Company Name :</h2>
			<p>Dar Al Nawras Trading Ltd</p>
			<h2>Telephone no. :</h2>
				<a href=""tel:+964 790 135 1618"">+964 790 135 1618</a><br>	
<h2>E-mail :</h2>	
			<a href=""mailto: dubai_infomiddleeast@conair.com"">dubai_infomiddleeast@conair.com</a>

		</div>

		
		<div class=""country-info"" id=""Jordan"" style=""display:none;"">
                        <h2>Company Name :</h2>
			<p>North Axis Trade</p>
			<h2>Telephone no. :</h2>
				<a href=""tel:+962 6 537 2111"">+962 6 537 2111</a>
			<h2>E-mail :</h2>	
<a href=""mailto:info@northaxisjo.com?cc=dubai_infomiddleeast@conair.com""> info@northaxisjo.com</a>
			<h2>Website :</h2>	
			<a href=""http://www.northaxisjo.com"" target=""_blank"">http://www.northaxisjo.com</a>		
		</div>
		
		<div class=""country-info"" id=""Lebanon"" style=""display:none;"">
                        <h2>Company Name :</h2>
			<p>Antaki group</p>
			<h2>Address :</h2>
				<p>P.O Box 90-720, Beirut - Lebanon</p>
			<h2>Telephone no. :</h2>
				<a href=""tel:+961 1 252 474"">+961 1 252 474</a>
			<h2>E-mail :</h2>	
			<a href=""mailto:info@antaki.com.lb?cc=dubai_infomiddleeast@conair.com"">info@antaki.com.lb</a>
			<h2>Website :</h2>	
			<a href=""http://www.antaki.com.lb"" target=""_blank"">http://www.antaki.com.lb</a>	
		</div>
		
		<div class=""country-info"" id=""Egypt"" style=""display:none;"">
                        <h2>Company Name :</h2>
			<p>B.Tech</p>
			<h2>Telephone no. :</h2>
				<a href=""tel:19966"">19966</a>
<h2>E-mail :</h2>	
			<a href=""mailto: dubai_infomiddleeast@conair.com"">dubai_infomiddleeast@conair.com</a>


			<h2>Website :</h2>	
			<a href=""https://www.btech.eg/en/"" target=""_blank"">https://www.btech.eg/en/</a>	
		</div>
		
		<div class=""country-info"" id=""Pakistan"" style=""display:none;"">
                        <h2>Company Name :</h2>
			<p>Beaute’ (Pakistan) International</p>
			<h2>Telephone no. :</h2>
				<a href=""tel:+92 21 35877160-2"">+92 21 35877160-2</a>
			<h2>E-mail :</h2>	
<a href=""mailto:imran@bpisun.com?cc=dubai_infomiddleeast@conair.com"">imran@bpisun.com</a>
			<h2>Website :</h2>	
			<a href=""https://www.bpisun.com"" target=""_blank"">www.bpisun.com</a>
		</div>","""<fieldset>
  <div class=""required"" aria-required=""true"">
    <label for=""${pdict.CurrentForms.contactus.category.htmlName}""><span>اختر البلد</span></label>

    <div class=""field-wrapper"">
      <select class=""input-select required"" name=""select-country-contactus"">
            <option class=""select-option"" value="""">اختر...</option>
                  <option class=""select-option"" value=""UAE"">الإمارات العربية المتحدة</option>
                  <option class=""select-option"" value=""SA"">المملكة العربية السعودية</option>
                  <option class=""select-option"" value=""الكويت"">الكويت</option>
                  <option class=""select-option"" value=""قطر"">قطر</option>
                  <option class=""select-option"" value=""عُمان"">عُمان</option>
                  <option class=""select-option"" value=""البحرين"">البحرين</option>
                  <option class=""select-option"" value=""العراق"">العراق</option>
                  <option class=""select-option"" value=""الأردن"">الأردن</option>
                  <option class=""select-option"" value=""لبنان"">لبنان</option>
                  <option class=""select-option"" value=""مصر"">مصر</option>
                  <option class=""select-option"" value=""باكستان"">باكستان</option>
         

          </select>
    </div>

  </div>

</fieldset>

<div class=""country-info"" id=""UAE"" style=""display:none;"">
  <h2>اسم الشركة:</h2>
  <p>شركة جاشنمال الوطنية</p>
  <h2>رقم الهاتف:</h2>
  <a href=""tel:+971 4 417 4800"">+971 4 417 4800</a>
  <h2>البريد الإلكتروني:</h2>
  <a href=""mailto: dubai_infomiddleeast@conair.com"">dubai_infomiddleeast@conair.com</a>

  <h2>العنوان:</h2>
  <p>ص.ب: 1545 دبي | الإمارات العربية المتحدة</p>
  <h2>الموقع الإلكتروني:</h2>
  <a href=""http://www.jashanmalgroup.com"" target=""_blank"">http://www.jashanmalgroup.com</a>
</div>

<div class=""country-info"" id=""SA"" style=""display:none;"">
  <h2>اسم الشركة:</h2>
  <p>شركة أحمد عبد الواحد التجارية</p>
  <h2>رقم الهاتف:</h2>
  <a href=""tel:920011766"">920011766</a>
  <h2>البريد الإلكتروني:</h2>

  <a href=""mailto:customercare@abdulwahed.com?cc=dubai_infomiddleeast@conair.com"">customercare@abdulwahed.com</a>

  <h2>الموقع الإلكتروني:</h2>
  <a href=""https://abdulwahed.com"" target=""_blank"">https://abdulwahed.com</a>
</div>

<div class=""country-info"" id=""الكويت"" style=""display:none;"">
  <h2>اسم الشركة:</h2>
  <p>شركة جاشنمال الوطنية</p>
  <h2>العنوان:</h2>
  <p>الكويت City, الكويت</p>
  <h2>رقم الهاتف:</h2>
  <a href=""tel:+965 2 474 5936"">+965 2 474 5936</a>
  <h2>البريد الإلكتروني:</h2>
  <a href=""mailto:workshop@jashanmal.net?cc=dubai_infomiddleeast@conair.com"">workshop@jashanmal.net</a>
  <h2>الموقع الإلكتروني:</h2>
  <a href=""http://www.jashanmalgroup.com"" target=""_blank"">http://www.jashanmalgroup.com</a>
</div>

<div class=""country-info"" id=""قطر"" style=""display:none;"">
  <h2>اسم الشركة:</h2>
  <p>شركة خالد العصرية، ش.ذ.م.م</p>
  <h2>العنوان:</h2>
  <p>P.O Box 22208, Doha - قطر</p>
  <h2>رقم الهاتف:</h2>
  <a href=""tel:+974 4 436 5959"">+974 4 436 5959</a>
  <h2>فاكس:</h2>
  <p>+974 4 436 1211</p>
  <h2>البريد الإلكتروني:</h2>
  <a href=""mailto:info@khalidspectrum.com?cc=dubai_infomiddleeast@conair.com"">info@khalidspectrum.com</a>
  <h2>الموقع الإلكتروني:</h2>
  <a href=""http://www.khalidspectrum.com"" target=""_blank"">http://www.khalidspectrum.com</a>
</div>

<div class=""country-info"" id=""عُمان"" style=""display:none;"">
  <h2>اسم الشركة:</h2>
  <p>شركة جاشنمال الوطنية</p>
  <h2>رقم الهاتف:</h2>
  <a href=""tel:+968 24702399"">+968 24702399</a>
  <h2>البريد الإلكتروني:</h2>
  <a href=""mailto:service.oman@jashanmal.ae?cc=dubai_infomiddleeast@conair.com"">service.oman@jashanmal.ae</a>

  <h2>الموقع الإلكتروني:</h2>
  <a href=""http://www.jashanmalgroup.com"" target=""_blank"">http://www.jashanmalgroup.com</a>
</div>

<div class=""country-info"" id=""البحرين"" style=""display:none;"">
  <h2>اسم الشركة:</h2>
  <p>مجموعة المؤيد العالمية</p>
  <h2>العنوان:</h2>
  <p>ص.ب: 26259</p>
  <h2>مسؤول الاتصال:</h2>
  <p>السيد بارات مسور</p>
  <h2>رقم الهاتف:</h2>
  <p>Telephone – 00973-17400444 (ext – 115)</p>
  <p>Mobile – 00973-33130694</p>
  <h2>البريد الإلكتروني:</h2>
  <a href=""mailto: dubai_infomiddleeast@conair.com"">dubai_infomiddleeast@conair.com</a>


  <h2>الموقع الإلكتروني:</h2>
  <a href=""http://www.almoayyedintl.com"" target=""_blank"">http://www.almoayyedintl.com</a>
</div>

<div class=""country-info"" id=""العراق"" style=""display:none;"">
  <h2>اسم الشركة:</h2>
  <p>دار النورس التجارية المحدودة</p>
  <h2>رقم الهاتف:</h2>
  <a href=""tel:+964 790 135 1618"">+964 790 135 1618</a><br>
  <h2>البريد الإلكتروني:</h2>
  <a href=""mailto: dubai_infomiddleeast@conair.com"">dubai_infomiddleeast@conair.com</a>

</div>


<div class=""country-info"" id=""الأردن"" style=""display:none;"">
  <h2>اسم الشركة:</h2>
  <p>محور الشمال للتجارة</p>
  <h2>رقم الهاتف:</h2>
  <a href=""tel:+962 6 537 2111"">+962 6 537 2111</a>
  <h2>البريد الإلكتروني:</h2>
  <a href=""mailto:info@northaxisjo.com?cc=dubai_infomiddleeast@conair.com""> info@northaxisjo.com</a>
  <h2>الموقع الإلكتروني:</h2>
  <a href=""http://www.northaxisjo.com"" target=""_blank"">http://www.northaxisjo.com</a>
</div>

<div class=""country-info"" id=""لبنان"" style=""display:none;"">
  <h2>اسم الشركة:</h2>
  <p>انطاكي جروب</p>
  <h2>العنوان:</h2>
  <p>P.O Box 90-720, Beirut - لبنان</p>
  <h2>رقم الهاتف:</h2>
  <a href=""tel:+961 1 252 474"">+961 1 252 474</a>
  <h2>البريد الإلكتروني:</h2>
  <a href=""mailto:info@antaki.com.lb?cc=dubai_infomiddleeast@conair.com"">info@antaki.com.lb</a>
  <h2>الموقع الإلكتروني:</h2>
  <a href=""http://www.antaki.com.lb"" target=""_blank"">http://www.antaki.com.lb</a>
</div>

<div class=""country-info"" id=""مصر"" style=""display:none;"">
  <h2>اسم الشركة:</h2>
  <p>B.Tech</p>
  <h2>رقم الهاتف:</h2>
  <a href=""tel:19966"">19966</a>
  <h2>البريد الإلكتروني:</h2>
  <a href=""mailto: dubai_infomiddleeast@conair.com"">dubai_infomiddleeast@conair.com</a>


  <h2>الموقع الإلكتروني:</h2>
  <a href=""https://www.btech.eg/en/"" target=""_blank"">https://www.btech.eg/en/</a>
</div>

<div class=""country-info"" id=""باكستان"" style=""display:none;"">
  <h2>اسم الشركة:</h2>
  <p>بيوتي (باكستان) الدولية</p>
  <h2>رقم الهاتف:</h2>
  <a href=""tel:+92 21 35877160-2"">+92 21 35877160-2</a>
  <h2>البريد الإلكتروني:</h2>
  <a href=""mailto:imran@bpisun.com?cc=dubai_infomiddleeast@conair.com"">imran@bpisun.com</a>
  <h2>الموقع الإلكتروني:</h2>
  <a href=""https://www.bpisun.com"" target=""_blank"">www.bpisun.com</a>
</div>"""
"//library/content[attribute::content-id=""coupe-cheveux-homme-tondeuse""]/display-name[attribute::xml:lang=""en-AE""]","HOW TO MAKE A MEN'S HAIR CUT WITH THE CLIPPER?","كيف يمكن استخدام جهاز قص الشعر لعمل قصة شعر رجالي؟"
"//library/content[attribute::content-id=""coupe-cheveux-homme-tondeuse""]/custom-attributes/custom-attribute[attribute::attribute-id=""body""][attribute::xml:lang=""en-AE""]","<div class=""page-blog-articleContent"">
<h2 class=""page-blog-articleHeading"">
				It is not always easy to free yourself once a month to go to the hairdresser! The solution to save time and money: Cut your hair by yourself at home.
			</h2>			
<p class=""page-blog-articleText"">
For a modern haircut as if done by a professional, you need a hair clipper that is both powerful and easy to use. You will find some tips for choosing it.</p>
			<p class=""page-blog-articleTitle"">
				How to cut your hair with a clipper?
			</p>
			<p class=""page-blog-articleText"">
				Cutting your hair alone, for the first time, can be stressful, but if you follow this golden rule, everything should be fine: keep the same hairstyle instead of going into a cut that is difficult to achieve in the beginning!
</br>
As to the device, you need a hair clipper, a fine tooth comb to untangle your hair, a towel and a mirror to check your backside!
</p>
			<p class=""page-blog-articleText"">
			Practically, for a perfect result, we advise you to have the hair clean, dry and disentangled:
<ul class=""page-blog-articleText""> 
<li> stand facing a mirror </li>
<li>Have your hair clipper and comb</li>
<li>comb your hair backwards</li>
<li> prepare the different guides and range them from the longest to the shortest </li>
<li>use the longest guide and adjust the cutting height. Change the guide according to the desired cutting height</li>
<li>Start with the temples and then the sides before turning to the neck. Keep the clipper flat during cutting, and move it from bottom to top</li>
<li>Always finish with the top of the head</li>
<li>For finishes: remove the guide or use a precision trimmer (for sideburns and contours).</li>
</ul>
			</p>
			<p class=""page-blog-articleText"">
<b>TIPS :</b></br> 
It is recommended to cut the hair every 10-15 days approximately for a neat and clean appearance on a daily basis.</br>
</br>
We recommend checking the tutorial video below on men's hairstyle to make a nice cut with the perfect clipper in no time!</p>
<div class='page-blog-articleVideo'>
				<iframe src='https://www.youtube.com/embed/eU59qYS_rd4' frameborder='0' allowfullscreen></iframe>
		</div>
		<div class=""page-blog-articleContent"">
			<p class=""page-blog-articleTitle"">
				Choosing a Hair Clipper
			</p>
			<p class=""page-blog-articleText"">
				For an perfect haircut, it is essential to use a quality clipper. At BaByliss For Men, you will find hair clippers that are powerful, lightweight and easy to handle, all equipped with cutting tongs (or cutting guides) of different sizes, easy to insert and adjust the cutting height with precision. It is up to you to use them according to the cut you want to have: short or long.
</br>
</br>
A hair clipper works on mains or rechargeable batteries. The duration of a battery life varies depending on the model chosen. The best performers can hold up to 45 minutes! If you choose a clipper that can only be used with mains power, make sure that the wire is long enough to move freely, you need optimum conditions to achieve a perfect cut.
</br>
</br>
If you have thick hair, you need to know that there are hair clippers designed just for you, like BaByliss For Men E696E with a tapered function!</br>
</br>
If you choose a professional hair clipper such as the E962E or the E935E from BaByliss For Men, you can enjoy advanced functions and technologies: quick charge function (30 minutes charging for 10 minutes of use), extra-wide professional stainless steel or titanium blades for a net result, turbo function (+ 20% cutting efficiency compared to traditional BaByliss For Men hair clippers).
			</p>
			<p class=""page-blog-articleText"">
				Do you have a beard? The ideal solution is to opt for a 2 in 1 professional hair clipper, such as BaByliss For Men E791E, whose precision guides allow you to style your beard. </p>
<p class=""page-blog-articlePics""> <img class=""page-blog-articleImg"" src=""/blog/tondeuses_1030X440_02.jpg?$staticlink$"" alt=""image d'article du blog""> </p>
<p class=""page-blog-articleText"">
</br> Several accessories are included in the hair clipper pack to help you, in particular, to maintain and protect the device: cleaning brush, lubricating oil, cover and carrying case ...</br></br>
Once you find the clipper that fits you perfectly (easy to use, handy, powerful, with a long enough wire and a battery that holds as long as possible ...): you cut your hair like a pro!			</p>
		</div>","<div class=""page-blog-articleContent"">
  <h2 class=""page-blog-articleHeading"">
                                ليس من السهل دائماً إيجاد الوقت حتى ولو مرة واحدة في الشهر للذهاب إلى مصفف الشعر! الحل الأمثل لتوفير الوقت والمال هو قص الشعر بنفسك وأنت في المنزل.
                        </h2>
  <p class=""page-blog-articleText"">
    إن جهاز قص الشعر الفعَّال والسهل الاستخدام هو وسيلتك المُثلى للحصول على قصة عصرية تبدو وكأنها مبتكرة من قِبل أحد خبراء الشعر. نقدم لك فيما يلي بعض النصائح لاختيار جهاز قص الشعر الملائم لك.</p>
  <p class=""page-blog-articleTitle"">
    كيف يمكن قص الشعر باستخدام جهاز قص الشعر؟
  </p>
  <p class=""page-blog-articleText"">
    إن قص الشعر بنفسك لأول مرة قد يجعلك تشعر بالقلق، ولكن إذا اتبعت هذه القاعدة الذهبية فسيكون كل شيء على ما يرام: احصل على نفس تصفيفة الشعر بدلاً من عمل قصة يصعب الحصول عليها في البداية!
    </br>
    تحتاج للقيام بذلك إلى جهاز قص الشعر، ومشط بأسنان رفيعة لفك تشابك الشعر، ومنشفة، ومرآة لمشاهدة نفسك من الخلف وأنت تقص الشعر!
  </p>
  <p class=""page-blog-articleText"">
    ننصحك بأن يكون الشعر نظيفاً وجافاً وغير متشابك للحصول على نتيجة مثالية:
    <ul class=""page-blog-articleText"">
      <li> قف أمام المرآة </li>
      <li>أحضر جهازَ قص الشعر ومشطاً</li>
      <li>مشِّط شعرك للخلف</li>
      <li> أحضر رؤوس القص المختلفة ورتبها من الأطول إلى الأقصر </li>
      <li>استخدم رأس القص الأطول مع الضبط على ارتفاع القصة المرغوب فيه. غيِّر رأس القص وفقاً لارتفاع القصة المرغوب فيه</li>
      <li>ابدأ من عند الصدغين ثم الجوانب ومؤخرة الرأس. أمسك الجهاز بحيث يكون في وضع مستوٍ أثناء القص، وحرِّكه من أسفل إلى أعلى</li>
      <li>يجب أن تكون مقدمة الرأس هي نقطة النهاية</li>
      <li>اللمسات النهائية: انزع رأس القص أو استخدم أداة تشذيب دقيقة (لتحديد السوالف)</li>
    </ul>
  </p>
  <p class=""page-blog-articleText"">
    <b>نصائح:</b></br>
    يُنصح بقص الشعر كل 10 أيام أو 15 يوماً تقريباً للحصول على مظهر جيد كل يوم.</br>
    </br>
    يُنصح بالاطلاع على مقطع الفيديو التعليمي أدناه الخاص بتصفيفة الشعر الرجالي للحصول على قصة رائعة في أقل وقت باستخدام جهاز القص الأمثل!</p>
  <div class='page-blog-articleVideo'>
    <iframe src='https://www.youtube.com/embed/eU59qYS_rd4' frameborder='0' allowfullscreen></iframe>
  </div>
  <div class=""page-blog-articleContent"">
    <p class=""page-blog-articleTitle"">
      اختيار جهاز قص الشعر
    </p>
    <p class=""page-blog-articleText"">
      يجب استخدام جهاز قص شعر ذي جودة عالية للحصول على القصة المثالية. ستجد في منتجات بيبي ليس للرجال أجهزة قص شعر فعَّالة وخفيفة الوزن وسهلة الاستخدام مزودة بملاقيط (أو رؤوس قص) مختلفة الحجم يسهل تركيبها بالجهاز وضبطها بدقة حسب الطول المرغوب فيه. أنت صاحب القرار في النهاية، وهو يعتمد على القصة التي ترغب فيها، هل ترغب في شعر طويل أم قصير.
      </br>
      </br>
      يمكن تشغيل أجهزة قص الشعر من خلال توصيلها بمصدر التيار الرئيسي أو بالبطاريات القابلة لإعادة الشحن. تختلف مدة صلاحية البطارية حسب الطراز الذي يتم اختياره. قد تستمر الأجهزة الأعلى أداءً في العمل حتى 45 دقيقةً! إذا اخترت جهاز قص شعر يُستخدم فقط مع مصادر التيار الرئيسية فتأكد من طول السلك لتحريك الجهاز بحرية، وستحتاج إلى ظروف مثالية للحصول على القصة المثالية.
      </br>
      </br>
      إذا كان شعرك كثيفاً فهناك أجهزة قص الشعر المصممة خصيصاً لك، مثل جهاز قص الشعر بيبي ليس للرجال E696E المزود بخاصية القص التدريجي!</br>
      </br>
      إذا اخترت أحد الأجهزة الاحترافية لقص الشعر المقدَّمة من بيبي ليس للرجال مثل E962E أو E935E فستجد العديد من الخصائص والتقنيات المتطورة: خاصية الشحن السريع (الشحن لمدة 30 دقيقةً للاستخدام لمدة 10 دقائق)، شفرات متطورة وعريضة للغاية من الفولاذ المقاوم للصدأ أو التيتانيوم للحصول على نتيجة رائعة، خاصية التربو (كفاءة أعلى بنسبة 20% مقارنةً بأجهزة قص الشعر التقليدية من بيبي ليس للرجال).
    </p>
    <p class=""page-blog-articleText"">
      هل لديك لحية؟ إن الحل الأمثل هو اختيار جهاز قص شعر 2×1 مثل جهاز E791E من بيبي ليس للرجال المزوَّد برأس تحديد دقيق يمكِّنك من الحصول على مظهر اللحية الذي ترغب فيه. </p>
    <p class=""page-blog-articlePics""> <img class=""page-blog-articleImg"" src=""/blog/tondeuses_1030X440_02.jpg?$staticlink$"" alt=""image d'article du blog""> </p>
    <p class=""page-blog-articleText"">
      </br> يتوفر مع عبوة جهاز قص الشعر العديد من الإكسسوارات التي تساعدك في الحفاظ على الجهاز وحمايته، وهذه الإكسسوارات هي: فرشاة تنظيف، زيت تزليق، غطاء، وحقيبة لحمل الجهاز ...</br>
      </br>
      عندما تجد الجهاز الملائم لك (سهل الاستخدام، وعملي، وفعَّال، ومزود بسلك طويل وبطارية تستمر في العمل لمدة طويلة...): ستقوم بقص شعرك مثل المتخصصين في ذلك! </p>
  </div>"
"//library/content[attribute::content-id=""des-cheveux-lisses-en-10-min""]/display-name[attribute::xml:lang=""en-AE""]","HOW TO GET STRAIGHT HAIR IN 10 MINS?","كيف يمكنك الحصول على شعر مفرود في 10 دقائق؟"
"//library/content[attribute::content-id=""des-cheveux-lisses-en-10-min""]/custom-attributes/custom-attribute[attribute::attribute-id=""body""][attribute::xml:lang=""en-AE""]","<div class=""page-blog-articleContent"">
			<h2 class=""page-blog-articleHeading"">
				Do you want perfectly straightened hair without spending hours in the bathroom? Discover BaByliss’ three solutions for perfect straightening!
			</h2>
			<p class=""page-blog-articleTitle"">
				Natural straightening in 10 min
			</p>
			<p class=""page-blog-articleText"">
				For medium to long hair, opt for a hot straightening brush:
Pour les cheveux mi-longs à longs, optez pour une brosse lissante chauffante : 
<ul class=""page-blog-articleText"">
<li> Raise your hair to the top of your head, so that you can work only on the lower sections near to the neck </li>
<li> Work on one section at a time, passing the brush from roots to ends, as you do with a conventional hair brush </li>
<li> Repeat this on all hair sections: detach the sections gradually and to finish by brushing the highest ones.</li>
</ul>
			</p>
<blockquote class=""page-blog-articleQuote""> ""Tip from the hairdresser: spray a jet of mist to bring an additional gloss and hold to your straightening.""</blockquote>
		
<p class=""page-blog-articleText"">
				The key to success? The Liss Brush 3D straightening brush from BaByliss Paris! It is designed to make your life easier. We love:</p>
<ul class=""page-blog-articleText"">
<li> its rectangular shape which makes it possible to straighten more hair at a time, and which is therefore particularly suitable for long or thick hair </li>
<li> its 3 levels of heating allowing to select the temperature that matches your hair type </li>
<li> its 126 pins deployed in three-dimensional straightening, to untangle, style and smooth in one movement
</li>
<li> its ionic function for perfect straightening, without frizz or static electricity</li>
<li> the natural straightening look that preserves the volume</li>
</ul>			
<p class=""page-blog-articlePics"">
				<img class=""page-blog-articleImg"" src=""/blog/HSB100E_1030_440.jpg?$staticlink$"" alt=""image d'article du blog"">
			</p>
		</div>
		<div class=""page-blog-articleContent"">
			<p class=""page-blog-articleTitle"">
				Perfect straightening in 20 minutes
			</p>
			<p class=""page-blog-articleText"">
				To straighten short and fine hair, we recommend the straightener, which allows better grasp of the short sections. The procedure is as follows:
<ul class=""page-blog-articleText"">
<li> dry and untangle hair </li>
<li> raise the upper sections with hair clips </li>
<li> make fine sections in order to easily pass the straightener</li>
<li> place the straightener as close to the roots as possible, taking care not to burn yourself </li>
<li> do not press too hard to avoid leaving a mark at the base of your hair</li>
<li> straighten the section slowly down from the roots to the tips, in a smooth and regular movement </li>
<li> Finish each section by a slight twist to look more natural.</li>
</ul>
			</p>
			<p class=""page-blog-articleText"">
				The magic accessory: the professional Pure Metal straightener! It has many advantages to ensure fast and accurate straightening every morning.

<ul class=""page-blog-articleText"">
<li> Ultra-fast heating time: the straightener is ready in 15 seconds </li>
<li> Ionic function: for smooth, shiny hair without static electricity</li>
<li>5 heating levels: the temperature is perfectly adapted to your hair type </li>
</ul>
			</p>
<p class=""page-blog-articleText"">
<b> What more? </b> 
The Pure Metal straightener also allows to make curls, thanks to its convex design in chromed stainless steel: perfect to change style without changing device!
</p>
			<p class=""page-blog-articlePics"">
				<img class=""page-blog-articleImg page-blog-articleImg--small"" src=""/blog/ST480E_496_496.jpg?$staticlink$"" alt=""image d'article du blog"">
				<img class=""page-blog-articleImg page-blog-articleImg--small"" src=""/blog/ST480E_lissage_496_496.jpg?$staticlink$"" alt=""image d'article du blog"">
			</p>
<blockquote class=""page-blog-articleQuote"">
				</br> ""The Pure Metal straightener also allows to make curls, thanks to its convex design in chromed stainless steel.","<div class=""page-blog-articleContent"">
  <h2 class=""page-blog-articleHeading"">
                                هل ترغبين في الحصول على شعر مفرود دون قضاء ساعات طويلة في الحمام؟ تعرَّفي على الحلول الثلاثة المقدمة لكِ من بيبي ليس لفرد الشعر على نحو مثالي!
                        </h2>
  <p class=""page-blog-articleTitle"">
    الفرد الطبيعي للشعر في 10 دقائق
  </p>
  <p class=""page-blog-articleText"">
    اختاري فرشاة فرد الشعر الحرارية مع الشعر الطويل والمتوسط الطول: Pour les cheveux mi-longs à longs, optez pour une brosse lissante chauffante :
    <ul class=""page-blog-articleText"">
      <li> قومي برفع الشعر لأعلى كي تتمكني من الوصول إلى الأجزاء السفلية القريبة من مؤخرة الرأس. </li>
      <li> قومي بتمرير الفرشاة على كل جزء على حِدة بدايةً من الجذور وحتى الأطراف تماماً كما تفعلين مع فرشاة الشعر التقليدية </li>
      <li> كرري ذلك مع بقية أجزاء الشعر: قومي بتقسيم أجزاء الشعر تدريجياً بحيث تنتهي بتمشيط الأجزاء العلوية.</li>
    </ul>
  </p>
  <blockquote class=""page-blog-articleQuote""> ""نصيحة من مصفف شعر: رُشي كمية من بخاخ الشعر للحفاظ على مظهره المفرود ومنحه المزيد من اللمعان"".</blockquote>

  <p class=""page-blog-articleText"">
    وسيلتك لتحقيق النجاح، إنها فرشاة غير ثلاثية الأبعاد من بيبي ليس باريس لفرد الشعر! ابتُكرت هذه الفرشاة خصيصاً لتجعل حياتك أسهل. نعشق في هذا المنتج:</p>
  <ul class=""page-blog-articleText"">
    <li> تصميمه المستطيل الذي يُمَكِّنك من فرد كمية أكبر من الشعر في المرة الواحدة، والملائم على وجه التحديد مع الشعر الكثيف أو الطويل </li>
    <li> المستويات الثلاثة لدرجات الحرارة حتى تتمكني من اختيار درجة الحرارة الملائمة لنوع شعرك. </li>
    <li> 126 دبوساً ثلاثي الأبعاد لفك تشابك الشعر وتصفيفه وإكسابه ملمساً ناعماً من أول مرة
    </li>
    <li> الخاصية الأيونية التي تعمل على فرد الشعر على نحو مثالي والقضاء على التجعد والشحنات الكهربائية الساكنة</li>
    <li> الإطلالة الطبيعية لشعر مفرود أكثر كثافةً</li>
  </ul>
  <p class=""page-blog-articlePics"">
    <img class=""page-blog-articleImg"" src=""/blog/HSB100E_1030_440.jpg?$staticlink$"" alt=""image d'article du blog"">
  </p>
</div>
<div class=""page-blog-articleContent"">
  <p class=""page-blog-articleTitle"">
    فرد الشعر على نحو مثالي خلال 20 دقيقةً
  </p>
  <p class=""page-blog-articleText"">
    بالنسبة للشعر القصير والخفيف ننصحك باستخدام جهاز فرد الشعر الذي يتحكم في الأجزاء القصيرة من الشعر على نحو أفضل. اتبعي الخطوات التالية:
    <ul class=""page-blog-articleText"">
      <li> فكي تشابك الشعر وجففيه. </li>
      <li> ارفعي الأجزاء العلوية من الشعر مع ربطها بمشابك الشعر </li>
      <li> قسِّمي الشعر إلى أجزاء صغيرة يمكن تمريرها بجهاز فرد الشعر بسهولة</li>
      <li> استخدمي الجهاز بحيث يكون قريباً من جذور الشعر قدر المستطاع، وتوخي الحذر حتى لا تتعرضي للحرق. </li>
      <li> لا تضغطي بقوة حتى لا تتركي علامات على فروة الرأس</li>
      <li> قومي بفرد كل جزء ببطء بدايةً من الجذور وحتى الأطراف مستخدِمَةً حركات منتظمة ولطيفة على الشعر </li>
      <li> أضيفي اللمسات النهائية إلى كل جزء من خلال لفه قليلاً لمنح الشعر مظهراً طبيعياً.</li>
    </ul>
  </p>
  <p class=""page-blog-articleText"">
    الإكسسوارات الرائعة: جهاز فرد الشعر الاحترافي بيور ميتال! يحتوي هذا الجهاز على العديد من المزايا بما يضمن لك فرد الشعر على نحو جيد وفي أقل وقت ممكن كل صباح.

    <ul class=""page-blog-articleText"">
      <li> تسخين الجهاز في أقل وقت ممكن: يصبح جهاز فرد الشعر جاهزاً للاستخدام خلال 15 ثانيةً! </li>
      <li> الخاصية الأيونية: للحصول على شعر لامع وناعم وخالٍ من الشحنات الكهربائية الساكنة</li>
      <li>خمسة مستويات لدرجات الحرارة: يمكن ضبط درجة الحرارة بدقة حسب نوع شعرك </li>
    </ul>
  </p>
  <p class=""page-blog-articleText"">
    <b> ماذا تريدين أكثر من ذلك؟ </b> يمكنك مع جهاز فرد الشعر بيور ميتال عمل تموجات بالشعر وذلك بفضل تصميمه المحدب من الأمام والفولاذ المقاوم للصدأ المطلي بطبقة كروم: الخيار الأمثل لتغيير إطلالتك دون الحاجة إلى تغيير الجهاز!
  </p>
  <p class=""page-blog-articlePics"">
    <img class=""page-blog-articleImg page-blog-articleImg--small"" src=""/blog/ST480E_496_496.jpg?$staticlink$"" alt=""image d'article du blog"">
    <img class=""page-blog-articleImg page-blog-articleImg--small"" src=""/blog/ST480E_lissage_496_496.jpg?$staticlink$"" alt=""image d'article du blog"">
  </p>
  <blockquote class=""page-blog-articleQuote"">
    </br> ""يمكنك مع جهاز فرد الشعر بيور ميتال عمل تموجات بالشعر وذلك بفضل تصميمه المحدب من الأمام والفولاذ المقاوم للصدأ المطلي بطبقة كروم:"
"//library/content[attribute::content-id=""designer-promotion""]/display-name[attribute::xml:lang=""en-AE""]","SATISFIED OR PAID-BACK: TEST YOUR TRIMMER, LE DESIGNER, FOR 30 DAYS","هل تشعر بالرضا أم ترغب في استرداد أموالك: اختبر جهاز تشذيب اللحية لو ديزاينر لمدة 30 يوماً"
"//library/content[attribute::content-id=""designer-promotion""]/custom-attributes/custom-attribute[attribute::attribute-id=""body""][attribute::xml:lang=""en-AE""]","<div class=""page-blog-articleContent"">
			<h2 class=""page-blog-articleHeading"">
				Satisfied or Paid-Back
			</h2>
			<p class=""page-blog-articleText"">
			To benefit from the offer, you just have to buy Le Designer, the beard trimmer from BaByliss For Men. Choose one of the following references: SH500E, SH510E
			</p>

			

<p class=""page-blog-articlePics"">
				<img class=""page-blog-articleImgl"" src=""/blog/promotion/ledesigner.png?$staticlink$"" alt=""image d'article du blog""></p>
	
<p class=""page-blog-articleText"">Valid from 1/3/2017 till 28/2/2018 inclusive</p>

<div class=""banner-box-button""><a class=""button button-blue js-gtm-showcase"" target=""_blank"" href=""offres/satisfaitourembourse/le-designer.pdf?$staticlink$"" data-gtm-banner-name=""Découvrir la tondeuse Le Designer"">Read the rules</a></div>



		</div>","<div class=""page-blog-articleContent"">
  <h2 class=""page-blog-articleHeading"">
                                هل تشعر بالرضا أم ترغب في استرداد أموالك: 
                        </h2>
  <p class=""page-blog-articleText"">
    قم بشراء جهاز تشذيب اللحية لو ديزاينر من بيبي ليس للرجال للاستفادة من العرض. اختر أياً من الرقمين المرجعيين التاليين: SH500E، SH510E
  </p>



  <p class=""page-blog-articlePics"">
    <img class=""page-blog-articleImgl"" src=""/blog/promotion/ledesigner.png?$staticlink$"" alt=""image d'article du blog""></p>

  <p class=""page-blog-articleText"">سارٍ من 1/3/2017 حتى 28/2/2018</p>

  <div class=""banner-box-button""><a class=""button button-blue js-gtm-showcase"" target=""_blank"" href=""offres/satisfaitourembourse/le-designer.pdf?$staticlink$"" data-gtm-banner-name=""Découvrir la tondeuse Le Designer"">اقرأ التعليمات</a></div>



</div>"
"//library/content[attribute::content-id=""digitalsensor-asset-1-fr""]/custom-attributes/custom-attribute[attribute::attribute-id=""body""][attribute::xml:lang=""en-AE""]","<div class=""iconic-content product-iconic templateLight"">
  <div class=""product-promise iconic-wrapper"">
    <div class=""product-promise-block product-promise-block--left"">
      <p class=""product-promise-skills""><span class=""product-promise-skills-bold"">The intelligent</span><br/>hairdryer</p>
    </div>
    <div class=""product-promise-block product-promise-block--right"">
      <h2 class=""product-promise-title"">
        The Digital Sensor automatically adjusts<br/>
       the airflow for a quick drying <br/>
        with no damage on the hair fibre.</h2>
      <div class=""product-promise-bottom"">
        <div class=""product-promise-bottom-block"">
          <p class=""product-promise-text"">
            Powerful and constant airflow, combined to the new generation motor ensure optimal efficiency.
          </p>
          <p class=""product-promise-text"">
            Digital Sensor’s hair protect technology <br/>
            makes it possible to attain a uniform and <br/>
constant temperature of 70°C on the hair surface during drying, <br/>
         without hot spots that damage the hair fibre.
          </p>
          <p class=""product-promise-text product-promise-text--templateLight"">
           With its three nozzles, it will be your favorite hair partner!
          </p>
          <div class=""product-promise-player"">
            <div class=""product-promise-video"">
              <iframe width=""560"" height=""315"" src=""https://www.youtube.com/embed/b7y7LZqn4-s?rel=0&controls=0&showinfo=0"" frameborder=""0"" allowfullscreen></iframe>
            </div>
          </div>
        </div>
        <div class=""product-promise-bottom-block"">
          <img src=""/fpEmblematiques/photo01.png?$staticlink$""/>
        </div>
      </div>
    </div>
  </div>
</div>","<div class=""iconic-content product-iconic templateLight"">
  <div class=""product-promise iconic-wrapper"">
    <div class=""product-promise-block product-promise-block--left"">
      <p class=""product-promise-skills""><span class=""product-promise-skills-bold"">مجفف الشعر</span><br/>الذكي</p>
    </div>
    <div class=""product-promise-block product-promise-block--right"">
      <h2 class=""product-promise-title"">
        مستشعر رقمي يعمل على ضبط<br/>
       تدفق الهواء تلقائياً للتجفيف السريع للشعر <br/>
        دون أن يُتلف ألياف الشعر.</h2>
      <div class=""product-promise-bottom"">
        <div class=""product-promise-bottom-block"">
          <p class=""product-promise-text"">
            تدفق الهواء بقوة وعلى نحو مستمر، فضلاً عن المحرك الجديد للحصول على كفاءة عالية.
          </p>
          <p class=""product-promise-text"">
            تساعد تقنية حماية الشعر الخاصة بالمستشعر الرقمي <br/> في تثبيت درجة الحرارة <br/> عند 70 درجةً مئويةً أثناء تجفيف سطح الشعر <br/> دون ترك علامات حمراء تؤدي إلى إتلاف ألياف الشعر
          </p>
          <p class=""product-promise-text product-promise-text--templateLight"">
            جهاز مزود بثلاث فوهات ليصبح رفيقك الأمثل للعناية بالشعر!
          </p>
          <div class=""product-promise-player"">
            <div class=""product-promise-video"">
              <iframe width=""560"" height=""315"" src=""https://www.youtube.com/embed/b7y7LZqn4-s?rel=0&controls=0&showinfo=0"" frameborder=""0"" allowfullscreen></iframe>
            </div>
          </div>
        </div>
        <div class=""product-promise-bottom-block"">
          <img src=""/fpEmblematiques/photo01.png?$staticlink$"" />
        </div>
      </div>
    </div>
  </div>
</div>"
"//library/content[attribute::content-id=""digitalsensor-asset-2-fr""]/custom-attributes/custom-attribute[attribute::attribute-id=""body""][attribute::xml:lang=""en-AE""]","<div class=""bloc-caracteristique templateLight"" style=""background-image: url('/fpEmblematiques/constant-temperature-ME.png?$staticlink$')"">
  <div class=""iconic-content iconic-content--caracteristique"">
    <div class=""product-cat iconic-wrapper"">
      <div class=""product-cat-recap"">
        <p class=""product-cat-recapPre"">ADVANCED TECHNOLOGY FOR </p>
        <p class=""product-cat-recapTxt""><b>MAXIMUM EFFICIENCY</b></p>
        <p class=""product-cat-recapDesc"">
          Air suction, compression and propulsion</br> take place in the same axis. </br>
The flow is <b>homogeneous</b>, <b>efficient</b>, and <b>very powerful</b>.
        </p>
      </div>
    </div>
  </div>
</div>","<div class=""bloc-caracteristique templateLight"" style=""background-image: url('/fpEmblematiques/constant-temperature-ME.png?$staticlink$')"">
  <div class=""iconic-content iconic-content--caracteristique"">
    <div class=""product-cat iconic-wrapper"">
      <div class=""product-cat-recap"">
        <p class=""product-cat-recapPre"">تقنية متطورة</p>
        <p class=""product-cat-recapTxt""><b>لتحقيق أعلى مستويات الفاعلية</b></p>
        <p class=""product-cat-recapDesc"">
          تُجرى عملية سحب الهواء وضغطه ودفعه</br>داخل نفس المحور.</br>
تدفق<b>الهواء</b>, <b>بكفاءة</b>, و  <b>فاعلية على نحو متساوٍ</b>.
        </p>
      </div>
    </div>
  </div>
</div>"
